INSERT INTO informador (correo,nombre,contrasenia) VALUES ('mu.andrea@ciencias.unam.mx','Andrea','12345');

INSERT INTO tema (nombre, color, correo_informador) VALUES ('ENP', '#808fff',  'mu.andrea@ciencias.unam.mx');
INSERT INTO marcador (longitud, latitud, descripcion, datos_utiles, nombre_tema) VALUES (-99.121773, 19.271162, 'ENP 1', 'Plantel Gabino Barreda ubicado en Xochimilco', 'ENP');
INSERT INTO marcador (longitud, latitud, descripcion, datos_utiles, nombre_tema) VALUES (-99.099383, 19.383909, 'ENP 2', 'Plantel Erasmo Castellanos Quinto ubicado en Churubusco', 'ENP');
INSERT INTO marcador (longitud, latitud, descripcion, datos_utiles, nombre_tema) VALUES (-99.095528, 19.482775, 'ENP 3', 'Plantel Justo Sierra ubicado en Constitución', 'ENP');
INSERT INTO marcador (longitud, latitud, descripcion, datos_utiles, nombre_tema) VALUES (-99.195481, 19.403626, 'ENP 4', 'Plantel Vidal Castañeda y Najera ubicado en Observatorio', 'ENP');
INSERT INTO marcador (longitud, latitud, descripcion, datos_utiles, nombre_tema) VALUES (-99.134713, 19.307540, 'ENP 5', 'Plantel José Vasconcelos ubicado en Coapa', 'ENP');

INSERT INTO tema (nombre, color, correo_informador) VALUES ('Edificios 19s', '#80ffff',  'mu.andrea@ciencias.unam.mx');
INSERT INTO marcador (longitud, latitud, descripcion, datos_utiles, nombre_tema) VALUES (-99.139801, 19.422760, 'Edificio Simón Bolívar','Esquina Chimilpopoca, edificio de 7 pisos.','Edificios 19s');
INSERT INTO marcador (longitud, latitud, descripcion, datos_utiles, nombre_tema) VALUES (-99.171028, 19.412814, 'Edificio Ámsterdam','Esquina Laredo. Edificio habitacional de siete pisos. Cinco víctimas, cuatro heridos', 'Edificios 19s');
INSERT INTO marcador (longitud, latitud, descripcion, datos_utiles, nombre_tema) VALUES (-99.122617, 19.303875, 'Girasoles I','Edificio habitacional de 5 pisos. Rescatadas 21 personas, ocho víctimas. Calzada del hueso y Rancho del arco', 'Edificios 19s');
INSERT INTO marcador (longitud, latitud, descripcion, datos_utiles, nombre_tema) VALUES (-99.130508, 19.296956, 'Colegio Enrique Rébsamen', '26 Victimas, entre ellos niños', 'Edificios 19s');
INSERT INTO marcador (longitud, latitud, descripcion, datos_utiles, nombre_tema) VALUES (-99.124328, 19.304094, 'Edificio comercial', 'Sin víctimas, Calzada del hueso y canal de miramontes','Edificios 19s');

INSERT INTO tema (nombre, color, correo_informador) VALUES ('Canchas Futboleras', '#8fffff',  'mu.andrea@ciencias.unam.mx');
INSERT INTO marcador (longitud, latitud, descripcion, datos_utiles, nombre_tema) VALUES (-99.120122, 19.306491, 'Planet Gol Coapa', 'Disponible para jugar futbol' ,'Edificios 19s');
INSERT INTO marcador (longitud, latitud, descripcion, datos_utiles, nombre_tema) VALUES (-99.127814, 19.296411, 'Goal Fit Center', 'Calzada de las Brujas 98, ideal para jugar futbol' ,'Edificios 19s');
INSERT INTO marcador (longitud, latitud, descripcion, datos_utiles, nombre_tema) VALUES (-99.127534, 19.285082, 'Glorieta de vaqueritos', 'Excelente cancha para futbol rapido.','Edificios 19s');

INSERT INTO tema (nombre, color, correo_informador) VALUES ('Centros culturales', '#88ffff',  'mu.andrea@ciencias.unam.mx');
INSERT INTO marcador (longitud, latitud, descripcion, datos_utiles, nombre_tema) VALUES (-99.141720, 19.286008, 'Centro Cultural y Deportivo del TEC', 'Esta adentro del campus del TEC', 'Centros culturales');
INSERT INTO marcador (longitud, latitud, descripcion, datos_utiles, nombre_tema) VALUES (-99.141712, 19.317406, 'Casa de cultura El reloj', 'Entre Tallo y Polen CDMX', 'Centros culturales');
INSERT INTO marcador (longitud, latitud, descripcion, datos_utiles, nombre_tema) VALUES (-99.178655, 19.302626, 'Centro cultural Ollin Yoliztli', 'Excelente para conciertos', 'Centros culturales');
INSERT INTO marcador (longitud, latitud, descripcion, datos_utiles, nombre_tema) VALUES (-99.142388, 19.338459, 'Centro cultural Tlalpan', 'Sirve como refugio', 'Centros culturales');



INSERT INTO informador (correo,nombre,contrasenia) VALUES ('jhovan.gallardo@ciencias.unam.mx','Jhovan','password');

INSERT INTO tema (nombre, color, correo_informador) VALUES ('CCHs', '808000',  'jhovan.gallardo@ciencias.unam.mx');
INSERT INTO marcador (longitud, latitud, descripcion, datos_utiles, nombre_tema) VALUES (-99.142100, 19.484092,  'CCH Vallejo', 'Plantes del colegio de ciencias y humanidades ubicado en Vallejo.','CCHs');
INSERT INTO marcador (longitud, latitud, descripcion, datos_utiles, nombre_tema) VALUES (-99.204575, 19.500106,  'CCH Azcapotzalco', 'Plantes del colegio de ciencias y humanidades ubicado en Azcapotzalco.','CCHs');
INSERT INTO marcador (longitud, latitud, descripcion, datos_utiles, nombre_tema) VALUES (-99.058625, 19.384205,  'CCH Oriente', 'Plantes del colegio de ciencias y humanidades ubicado en Oriente.','CCHs');
INSERT INTO marcador (longitud, latitud, descripcion, datos_utiles, nombre_tema) VALUES (-99.199244, 19.312320,  'CCH Sur', 'Plantes del colegio de ciencias y humanidades ubicado en Sur.','CCHs');


INSERT INTO tema (nombre,color,correo_informador) VALUES ('Primis','0055ff','jhovan.gallardo@ciencias.unam.mx');
INSERT INTO marcador (longitud,latitud,descripcion,datos_utiles,nombre_tema) VALUES (-36.09754,-57.70757,'lobortis','eu tellus eu augue porttitor interdum. Sed auctor odio a purus.','Primis');
INSERT INTO marcador (longitud,latitud,descripcion,datos_utiles,nombre_tema) VALUES (66.18309,-73.2424,'Sed congue, elit','lacus. Nulla tincidunt, neque vitae semper egestas, urna justo faucibus lectus, a','Primis');
INSERT INTO marcador (longitud,latitud,descripcion,datos_utiles,nombre_tema) VALUES (6.71417,55.11091,'tempor, est','imperdiet dictum magna. Ut tincidunt orci quis lectus. Nullam suscipit, est','Primis');
INSERT INTO marcador (longitud,latitud,descripcion,datos_utiles,nombre_tema) VALUES (148.14329,-46.14857,'enim','rutrum magna. Cras convallis convallis dolor. Quisque tincidunt pede ac','Primis');
INSERT INTO marcador (longitud,latitud,descripcion,datos_utiles,nombre_tema) VALUES (169.12292,-8.86645,'mi','tempor lorem, eget mollis lectus pede et risus. Quisque libero lacus, varius','Primis');
INSERT INTO marcador (longitud,latitud,descripcion,datos_utiles,nombre_tema) VALUES (36.77388,-47.30293,'sem mollis','hymenaeos. Mauris ut quam vel sapien imperdiet ornare. In faucibus. Morbi vehicula. Pellentesque tincidunt tempus','Primis');
INSERT INTO marcador (longitud,latitud,descripcion,datos_utiles,nombre_tema) VALUES (78.80151,40.39503,'orci lobortis augue','tellus justo sit amet','Primis');
INSERT INTO marcador (longitud,latitud,descripcion,datos_utiles,nombre_tema) VALUES (140.76236,-81.38568,'egestas a, scelerisque','tortor, dictum eu, placerat eget, venenatis a,','Primis');
INSERT INTO marcador (longitud,latitud,descripcion,datos_utiles,nombre_tema) VALUES (-145.22346,4.541,'tincidunt congue','dictum augue malesuada malesuada. Integer id magna et ipsum cursus','Primis');
INSERT INTO marcador (longitud,latitud,descripcion,datos_utiles,nombre_tema) VALUES (112.47949,5.62978,'Cras','molestie tellus. Aenean egestas hendrerit neque. In ornare','Primis');

INSERT INTO tema (nombre,color,correo_informador) VALUES ('Pretium','00ff9d','jhovan.gallardo@ciencias.unam.mx');
INSERT INTO marcador (longitud,latitud,descripcion,datos_utiles,nombre_tema) VALUES (-10.30744,-58.70723,'eu dui. Cum','Morbi quis urna. Nunc quis arcu vel quam dignissim pharetra. Nam','Pretium');
INSERT INTO marcador (longitud,latitud,descripcion,datos_utiles,nombre_tema) VALUES (21.7741,-24.39839,'auctor','a, arcu. Sed et libero. Proin mi. Aliquam gravida mauris ut mi. Duis','Pretium');
INSERT INTO marcador (longitud,latitud,descripcion,datos_utiles,nombre_tema) VALUES (-95.51036,12.86603,'ridiculus mus.','amet, risus. Donec nibh enim, gravida sit amet,','Pretium');
INSERT INTO marcador (longitud,latitud,descripcion,datos_utiles,nombre_tema) VALUES (-16.53656,32.56164,'eu','lectus ante dictum mi, ac mattis velit justo','Pretium');
INSERT INTO marcador (longitud,latitud,descripcion,datos_utiles,nombre_tema) VALUES (112.08507,66.26066,'lacus. Nulla tincidunt,','ipsum nunc id enim. Curabitur massa. Vestibulum accumsan neque et nunc. Quisque ornare tortor','Pretium');
INSERT INTO marcador (longitud,latitud,descripcion,datos_utiles,nombre_tema) VALUES (-54.06531,31.16225,'iaculis odio.','ornare tortor at risus. Nunc ac sem ut dolor dapibus gravida. Aliquam tincidunt,','Pretium');
INSERT INTO marcador (longitud,latitud,descripcion,datos_utiles,nombre_tema) VALUES (-81.41028,-30.76896,'neque sed dictum','tellus. Aenean egestas hendrerit neque. In ornare sagittis felis. Donec tempor, est ac mattis semper,','Pretium');
INSERT INTO marcador (longitud,latitud,descripcion,datos_utiles,nombre_tema) VALUES (-14.82013,55.49114,'tortor.','amet risus. Donec egestas.','Pretium');
INSERT INTO marcador (longitud,latitud,descripcion,datos_utiles,nombre_tema) VALUES (25.02459,68.70447,'consequat auctor,','Duis ac arcu. Nunc mauris. Morbi non sapien molestie orci tincidunt adipiscing. Mauris molestie','Pretium');
INSERT INTO marcador (longitud,latitud,descripcion,datos_utiles,nombre_tema) VALUES (100.74174,44.59565,'Vivamus euismod urna.','ac, eleifend vitae, erat. Vivamus nisi. Mauris nulla. Integer urna. Vivamus molestie dapibus','Pretium');

INSERT INTO tema (nombre,color,correo_informador) VALUES ('Nullam,','ff6200','jhovan.gallardo@ciencias.unam.mx');
INSERT INTO marcador (longitud,latitud,descripcion,datos_utiles,nombre_tema) VALUES (107.75173,10.27641,'vulputate','vitae sodales nisi magna sed dui. Fusce aliquam, enim nec tempus scelerisque,','Nullam');
INSERT INTO marcador (longitud,latitud,descripcion,datos_utiles,nombre_tema) VALUES (112.55651,-75.20698,'magnis dis parturient','velit eu sem. Pellentesque ut ipsum ac mi eleifend egestas. Sed pharetra, felis','Nullam');
INSERT INTO marcador (longitud,latitud,descripcion,datos_utiles,nombre_tema) VALUES (-157.37254,58.19967,'bibendum','Etiam ligula tortor, dictum eu, placerat eget, venenatis a, magna. Lorem','Nullam');
INSERT INTO marcador (longitud,latitud,descripcion,datos_utiles,nombre_tema) VALUES (-9.94178,51.37532,'tincidunt nibh. Phasellus','mauris, aliquam eu, accumsan','Nullam');
INSERT INTO marcador (longitud,latitud,descripcion,datos_utiles,nombre_tema) VALUES (-73.72388,66.24037,'erat','arcu. Morbi sit amet massa. Quisque porttitor eros nec tellus. Nunc lectus','Nullam');
INSERT INTO marcador (longitud,latitud,descripcion,datos_utiles,nombre_tema) VALUES (-17.94559,-36.39018,'Fusce aliquet','urna convallis erat, eget tincidunt dui augue eu tellus. Phasellus elit pede, malesuada vel, venenatis','Nullam');
INSERT INTO marcador (longitud,latitud,descripcion,datos_utiles,nombre_tema) VALUES (-58.64265,66.66264,'neque tellus,','elit fermentum risus, at','Nullam');
INSERT INTO marcador (longitud,latitud,descripcion,datos_utiles,nombre_tema) VALUES (169.89076,30.74349,'ipsum.','Etiam bibendum fermentum metus. Aenean sed','Nullam');
INSERT INTO marcador (longitud,latitud,descripcion,datos_utiles,nombre_tema) VALUES (-98.82867,-56.40136,'lacinia orci, consectetuer','ac arcu. Nunc mauris.','Nullam');
INSERT INTO marcador (longitud,latitud,descripcion,datos_utiles,nombre_tema) VALUES (108.03756,-9.51105,'Donec','tempor erat neque non quam. Pellentesque habitant morbi tristique','Nullam');

INSERT INTO tema (nombre,color,correo_informador) VALUES ('Praesent','ff00bb','jhovan.gallardo@ciencias.unam.mx');
INSERT INTO marcador (longitud,latitud,descripcion,datos_utiles,nombre_tema) VALUES (-28.97175,-77.71234,'mauris','lobortis augue scelerisque mollis. Phasellus libero mauris, aliquam eu, accumsan sed,','Praesent');
INSERT INTO marcador (longitud,latitud,descripcion,datos_utiles,nombre_tema) VALUES (177.83269,-25.27987,'ipsum.','non enim commodo hendrerit. Donec porttitor tellus non magna. Nam ligula','Praesent');
INSERT INTO marcador (longitud,latitud,descripcion,datos_utiles,nombre_tema) VALUES (-122.95261,-65.95335,'orci luctus et','vitae erat vel pede blandit','Praesent');
INSERT INTO marcador (longitud,latitud,descripcion,datos_utiles,nombre_tema) VALUES (42.62889,-71.64448,'nec ligula consectetuer','et malesuada fames ac turpis egestas. Aliquam fringilla cursus purus. Nullam scelerisque neque sed','Praesent');
INSERT INTO marcador (longitud,latitud,descripcion,datos_utiles,nombre_tema) VALUES (-65.75046,-10.61916,'nunc est, mollis','nec mauris blandit mattis. Cras eget nisi dictum augue malesuada malesuada. Integer id magna et','Praesent');
INSERT INTO marcador (longitud,latitud,descripcion,datos_utiles,nombre_tema) VALUES (105.18638,25.33964,'vel pede','neque venenatis lacus. Etiam bibendum fermentum metus. Aenean sed pede nec ante blandit viverra. Donec','Praesent');
INSERT INTO marcador (longitud,latitud,descripcion,datos_utiles,nombre_tema) VALUES (-125.52674,57.3089,'eu odio tristique','Maecenas mi felis, adipiscing fringilla, porttitor vulputate,','Praesent');
INSERT INTO marcador (longitud,latitud,descripcion,datos_utiles,nombre_tema) VALUES (-91.76376,12.25758,'sapien','arcu. Nunc mauris. Morbi non sapien molestie orci tincidunt adipiscing.','Praesent');
INSERT INTO marcador (longitud,latitud,descripcion,datos_utiles,nombre_tema) VALUES (-159.49219,42.77219,'a neque.','laoreet posuere, enim nisl elementum purus, accumsan','Praesent');
INSERT INTO marcador (longitud,latitud,descripcion,datos_utiles,nombre_tema) VALUES (37.12382,27.58845,'Quisque','ligula. Aliquam erat volutpat. Nulla dignissim. Maecenas','Praesent');



INSERT INTO informador (correo,nombre,contrasenia) VALUES ('kevincervantes@ciencias.unam.mx','Kevin','qwerty');

INSERT INTO tema (nombre, color, correo_informador) VALUES ('Museos Historia Nacional', '#e2281f',  'kevincervantes@ciencias.unam.mx');
INSERT INTO marcador (longitud, latitud, descripcion, datos_utiles, nombre_tema) VALUES (-99.154911, 19.416715, 'Independencia', 'Museo De La Independencia', 'Museos Historia Nacional');
INSERT INTO marcador (longitud, latitud, descripcion, datos_utiles, nombre_tema) VALUES (19.432699, -99.131232, 'Reforma', 'Recinto de Homenaje a Benito Juarez', 'Museos Historia Nacional');
INSERT INTO marcador (longitud, latitud, descripcion, datos_utiles, nombre_tema) VALUES (19.436194, -99.154660, 'Revolución', 'Museo De La Revolución Nacional', 'Museos Historia Nacional');
INSERT INTO marcador (longitud, latitud, descripcion, datos_utiles, nombre_tema) VALUES (19.694071, -98.842758, 'Teotihuacan', 'Piramides de Teotihuacan', 'Museos Historia Nacional');
INSERT INTO marcador (longitud, latitud, descripcion, datos_utiles, nombre_tema) VALUES (19.355205, -99.148795, 'Intervenciones', 'Museo Nacional de las Intervenciones', 'Museos Historia Nacional');
INSERT INTO marcador (longitud, latitud, descripcion, datos_utiles, nombre_tema) VALUES (19.420722, -99.181867, 'Historia Nacional', 'Museo Nacional de Historia', 'Museos Historia Nacional');
INSERT INTO marcador (longitud, latitud, descripcion, datos_utiles, nombre_tema) VALUES (19.436509, -99.129428, 'Constituciones', 'Museo de las Constituciones', 'Museos Historia Nacional');
INSERT INTO marcador (longitud, latitud, descripcion, datos_utiles, nombre_tema) VALUES (19.434776, -99.131849, 'Templo Mayor', 'Museo del Templo Mayor', 'Museos Historia Nacional');
INSERT INTO marcador (longitud, latitud, descripcion, datos_utiles, nombre_tema) VALUES (19.449932, -99.137584, 'Sitio de Tlatelolco', 'Museo del Sitio de Tlatelolco', 'Museos Historia Nacional');
INSERT INTO marcador (longitud, latitud, descripcion, datos_utiles, nombre_tema) VALUES (19.429379, -99.132128, 'Ciudad de Mexico', 'Museo de la Ciudad de Mexico', 'Museos Historia Nacional');


INSERT INTO tema (nombre, color, correo_informador) VALUES ('Bibliotecas CDMX', '#ec6a31',  'kevincervantes@ciencias.unam.mx');
INSERT INTO marcador (longitud, latitud, descripcion, datos_utiles, nombre_tema) VALUES (19.428665, -99.149605, 'Biblioteca Ciudadela', 'Biblioteca de Mexico', 'Bibliotecas CDMX');
INSERT INTO marcador (longitud, latitud, descripcion, datos_utiles, nombre_tema) VALUES (19.316361, -99.185306, 'Biblioteca UNAM', 'Biblioteca Nacional de Mexico', 'Bibliotecas CDMX');
INSERT INTO marcador (longitud, latitud, descripcion, datos_utiles, nombre_tema) VALUES (19.446778, -99.150796, 'Jose Vasconcelos', 'Biblioteca Jose Vasconcelos', 'Bibliotecas CDMX');
INSERT INTO marcador (longitud, latitud, descripcion, datos_utiles, nombre_tema) VALUES (19.333503, -99.187331, 'Biblioteca UNAM', 'Biblioteca Central', 'Bibliotecas CDMX');
INSERT INTO marcador (longitud, latitud, descripcion, datos_utiles, nombre_tema) VALUES (19.371244, -99.263877, 'Biblioteca Universidad Iberoamericaca', 'Biblioteca Francisco Xavier Clavijero', 'Bibliotecas CDMX');
INSERT INTO marcador (longitud, latitud, descripcion, datos_utiles, nombre_tema) VALUES (19.436469, -99.113281, 'Palacio de Lecumberri', 'Archivo General de la Nacion', 'Bibliotecas CDMX');
INSERT INTO marcador (longitud, latitud, descripcion, datos_utiles, nombre_tema) VALUES (19.407409, -99.177387, 'Centro Cultural', 'Centro Cultural Bella Epoca', 'Bibliotecas CDMX');
INSERT INTO marcador (longitud, latitud, descripcion, datos_utiles, nombre_tema) VALUES (19.429524, -99.137830, 'Miguel Lerdo de Tejada', 'Biblioteca Miguel Lerdo de Tejada', 'Bibliotecas CDMX');
INSERT INTO marcador (longitud, latitud, descripcion, datos_utiles, nombre_tema) VALUES (19.412119, -99.172353, 'Centro de creación y fomentación de lectura', 'Centro de creación literaria Xavier Villaurrutia', 'Bibliotecas CDMX');
INSERT INTO marcador (longitud, latitud, descripcion, datos_utiles, nombre_tema) VALUES (19.435565, -99.137777, 'Biblioteca del Congreso de la Union', 'Biblioteca General de la Cámara de Diputados del H. Congreso de la Unión', 'Bibliotecas CDMX');


INSERT INTO tema (nombre, color, correo_informador) VALUES ('Zonas Militares', '#a2ec31',  'kevincervantes@ciencias.unam.mx');
INSERT INTO marcador (longitud, latitud, descripcion, datos_utiles, nombre_tema) VALUES (19.404092, -99.191330, '1a Zona Militar Tacubaya CDMX', 'S.D.N. Primera Zona Militar Pagaduría', 'Zonas Militares');
INSERT INTO marcador (longitud, latitud, descripcion, datos_utiles, nombre_tema) VALUES (32.521746, -117.035828, '2a Zona Militar Tijuana', 'Secretaría Nacional de la Defensa Zona Militar 2', 'Zonas Militares');
INSERT INTO marcador (longitud, latitud, descripcion, datos_utiles, nombre_tema) VALUES (24.152415, -110.298294, '3a Zona Militar La Paz', '3/a Zona Militar SEDENA', 'Zonas Militares');
INSERT INTO marcador (longitud, latitud, descripcion, datos_utiles, nombre_tema) VALUES (29.112636, -110.947888, '4a Zona Militar Hermosillo', 'Sedena 4A Zona Militar', 'Zonas Militares');
INSERT INTO marcador (longitud, latitud, descripcion, datos_utiles, nombre_tema) VALUES (28.619612, -106.082498, '5a Zona Militar Chihuahua', 'SEDENA Quinta Zona Militar Pagaduría', 'Zonas Militares');
INSERT INTO marcador (longitud, latitud, descripcion, datos_utiles, nombre_tema) VALUES (25.407701, -101.008973, '6a Zona Militar Saltillo', 'Sexta Zona Militar', 'Zonas Militares');
INSERT INTO marcador (longitud, latitud, descripcion, datos_utiles, nombre_tema) VALUES (25.855365, -100.254971, '7a Zona Militar NL', 'Campo Militar No 7-A', 'Zonas Militares');
INSERT INTO marcador (longitud, latitud, descripcion, datos_utiles, nombre_tema) VALUES (26.025472, -98.248222, '8a Zona Militar Reynosa', 'Cuartel Militar Reynosa', 'Zonas Militares');
INSERT INTO marcador (longitud, latitud, descripcion, datos_utiles, nombre_tema) VALUES (24.797953, -107.376222, '9a Zona Militar Culiacan', 'Cuartel Militar Novena Zona Culiacán Sinaloa', 'Zonas Militares');
INSERT INTO marcador (longitud, latitud, descripcion, datos_utiles, nombre_tema) VALUES (24.026758, -104.673704, '10a Zona Militar Durango', 'Decima Zona Militar', 'Zonas Militares');


INSERT INTO tema (nombre, color, correo_informador) VALUES ('Restaurantes de Comida China CDMX', '#31ecb6',  'kevincervantes@ciencias.unam.mx');
INSERT INTO marcador (longitud, latitud, descripcion, datos_utiles, nombre_tema) VALUES (19.432390, -99.183295, 'Restaurante 1', 'China Shing', 'Restaurantes de Comida China CDMX');
INSERT INTO marcador (longitud, latitud, descripcion, datos_utiles, nombre_tema) VALUES (19.406088, -99.226893, 'Restaurante 2', 'Hunan Reforma', 'Restaurantes de Comida China CDMX');
INSERT INTO marcador (longitud, latitud, descripcion, datos_utiles, nombre_tema) VALUES (19.428804, -99.161690, 'Restaurante 3', 'P.F Changs', 'Restaurantes de Comida China CDMX');
INSERT INTO marcador (longitud, latitud, descripcion, datos_utiles, nombre_tema) VALUES (19.410976, -99.174792, 'Restaurante 4', 'Asian Bay', 'Restaurantes de Comida China CDMX');
INSERT INTO marcador (longitud, latitud, descripcion, datos_utiles, nombre_tema) VALUES (19.393801, -99.170417, 'Restaurante 5', 'Blossom Del Valle', 'Restaurantes de Comida China CDMX');
INSERT INTO marcador (longitud, latitud, descripcion, datos_utiles, nombre_tema) VALUES (19.346088, -99.187764, 'Restaurante 6', 'Zohe China Gourmet', 'Restaurantes de Comida China CDMX');
INSERT INTO marcador (longitud, latitud, descripcion, datos_utiles, nombre_tema) VALUES (19.426958, -99.163793, 'Restaurante 7', 'El Dragon', 'Restaurantes de Comida China CDMX');
INSERT INTO marcador (longitud, latitud, descripcion, datos_utiles, nombre_tema) VALUES (19.427971, -99.178657, 'Restaurante 8', 'China Grill', 'Restaurantes de Comida China CDMX');
INSERT INTO marcador (longitud, latitud, descripcion, datos_utiles, nombre_tema) VALUES (19.418491, -99.174381, 'Restaurante 9', 'Chinaloa', 'Restaurantes de Comida China CDMX');
INSERT INTO marcador (longitud, latitud, descripcion, datos_utiles, nombre_tema) VALUES (19.432958, -99.142996, 'Restaurante 10', 'Hong King', 'Restaurantes de Comida China CDMX');


INSERT INTO informador (correo,nombre,contrasenia) VALUES ('fer.reyesg@ciencias.unam.mx','Fernando','contrasenia');

INSERT INTO tema (nombre, color, correo_informador) VALUES ('Guia de Pulquerias para Turistas', '#3188ec',  'fer.reyesg@ciencias.unam.mx');
INSERT INTO marcador (longitud, latitud, descripcion, datos_utiles, nombre_tema) VALUES (19.418565, -99.138095, 'Pulqueria I', 'La Catedral del Pulque', 'Guia de Pulquerias para Turistas');
INSERT INTO marcador (longitud, latitud, descripcion, datos_utiles, nombre_tema) VALUES (19.430389, -99.142725, 'Pulqueria II', 'Las Duelistas', 'Guia de Pulquerias para Turistas');
INSERT INTO marcador (longitud, latitud, descripcion, datos_utiles, nombre_tema) VALUES (19.441083, -99.138577, 'Pulqueria III', 'La Hermosa Hortensia', 'Guia de Pulquerias para Turistas');


INSERT INTO informador (correo,nombre,contrasenia) VALUES ('mausuarez@ciencias.unam.mx','Mauricio','12345');

INSERT INTO tema (nombre, color, correo_informador) VALUES ('Estaciones del metro', '#0066cc',  'mausuarez@ciencias.unam.mx');
INSERT INTO marcador (longitud, latitud, descripcion, datos_utiles, nombre_tema) VALUES (-99.187302, 19.376145, 'Mixcoac', 'Estacion del metro de la 7 y 12 [Insurgentes Mixcoac, 03920 Ciudad de México, CDMX]', 'Estaciones del metro');
INSERT INTO marcador (longitud, latitud, descripcion, datos_utiles, nombre_tema) VALUES (-99.190950, 19.433622, 'Polanco', 'Estacion del metro de la linea 7 [Ruta Metro Insurgentes a EH, Polanco, Polanco V Secc, 11560 Ciudad de México, CDMX]', 'Estaciones del metro');
INSERT INTO marcador (longitud, latitud, descripcion, datos_utiles, nombre_tema) VALUES (-99.165114, 19.370802, 'Zapata', 'Estacion del metro de la linea 12 y 3 [Heriberto Frías, Col del Valle Centro, 03100 Ciudad de México, CDMX]', 'Estaciones del metro');
INSERT INTO marcador (longitud, latitud, descripcion, datos_utiles, nombre_tema) VALUES (-99.124031, 19.443168, 'Tepito', 'Estacion del metro de la linea B [Tepito, Morelos, 06200 Ciudad de México, CDMX]', 'Estaciones del metro');
INSERT INTO marcador (longitud, latitud, descripcion, datos_utiles, nombre_tema) VALUES (-99.170799, 19.361652, 'Coyoacan', 'Estacion del metro de la linea 3 [A en, Calz. de Tlalpan 1882, Country Club Churubusco, Ciudad de México, CDMX
]', 'Estaciones del metro');

INSERT INTO tema (nombre, color, correo_informador) VALUES ('Estaciones del metrobus', '#ef0000',  'mausuarez@ciencias.unam.mx');
INSERT INTO marcador (longitud, latitud, descripcion, datos_utiles, nombre_tema) VALUES (-99.173889, 19.390025, 'Napoles','Estacion del metrobus de la Linea 1 [Col del Valle Centro, 03100 Ciudad de México, CDMX]','Estaciones del metrobus');
INSERT INTO marcador (longitud, latitud, descripcion, datos_utiles, nombre_tema) VALUES (-99.178811, 19.374496, 'Felix Cuevas','Estacion del metrobus de la Linea 1 [Av. Extremadura, Insurgentes Mixcoac, 03200 Ciudad de México, CDMX]', 'Estaciones del metrobus');
INSERT INTO marcador (longitud, latitud, descripcion, datos_utiles, nombre_tema) VALUES (-99.170085, 19.280494, 'La Joya','Estacion del metrobus de la Linea 1', 'Estaciones del metrobus');
INSERT INTO marcador (longitud, latitud, descripcion, datos_utiles, nombre_tema) VALUES (-99.161322, 19.427640, 'Hamburgo', 'Estacion del metrobus de la Linea 1 [Hamburgo, Juárez, 06600 Ciudad de México, CDMX]', 'Estaciones del metrobus');
INSERT INTO marcador (longitud, latitud, descripcion, datos_utiles, nombre_tema) VALUES (-99.138845, 19.469190, 'La Raza', 'Estacion del metrobus de la Linea 1','Estaciones del metrobus');

INSERT INTO tema (nombre, color, correo_informador) VALUES ('Estaciones del tren ligero', '#27ef00',  'mausuarez@ciencias.unam.mx');
INSERT INTO marcador (longitud, latitud, descripcion, datos_utiles, nombre_tema) VALUES (-99.147144, 19.302099, 'Estadio Azteca', 'Cerca de una plaza de Tlalpan y del Estadio Azteca' ,'Estaciones del tren ligero');
INSERT INTO marcador (longitud, latitud, descripcion, datos_utiles, nombre_tema) VALUES (-99.108078, 19.259631, 'Xochimilco', 'San Pedro, 16090 Ciudad de México, CDMX' ,'Estaciones del tren ligero');
INSERT INTO marcador (longitud, latitud, descripcion, datos_utiles, nombre_tema) VALUES (-99.143044, 19.307625, 'El Vergel', 'De Tlalpan, Ejido Viejo de Sta Úrsula Coapa, 04910 Ciudad de México, CDMX','Estaciones del tren ligero');

INSERT INTO tema (nombre, color, correo_informador) VALUES ('Estaciones Tren Suburbano', '#d000ef',  'mausuarez@ciencias.unam.mx');
INSERT INTO marcador (longitud, latitud, descripcion, datos_utiles, nombre_tema) VALUES (-99.171257, 19.492188, 'Fortuna', 'Eje 4 Nte. (Calz. Azcapotzalco la Villa), Estacion Pantaco, 02230 Ciudad de México, CDMX', 'Estaciones Tren Suburbano');
INSERT INTO marcador (longitud, latitud, descripcion, datos_utiles, nombre_tema) VALUES (-99.152135, 19.447361, 'Buenavista', 'Buenavista, 06350 Ciudad de México, CDMX', 'Estaciones Tren Suburbano');
INSERT INTO marcador (longitud, latitud, descripcion, datos_utiles, nombre_tema) VALUES (-99.186005, 19.599874, 'Lecheria', 'La Quebrada, Cuautitlán Izcalli, Méx.
', 'Estaciones Tren Suburbano');
INSERT INTO marcador (longitud, latitud, descripcion, datos_utiles, nombre_tema) VALUES (-99.195371, 19.565413, 'San Rafael', 'Avenida Prolongacion Hidalgo S/N, Tlayapa, 54110 Tlanepantla, Estado de México', 'Estaciones Tren Suburbano');
