INSERT INTO informador (correo,nombre,contrasenia) VALUES ('mu.andrea@ciencias.unam.mx','Andrea','12345');

INSERT INTO tema (nombre, color, correo_informador) VALUES ('ENP', '#808fff',  'mu.andrea@ciencias.unam.mx');
INSERT INTO marcador (longitud, latitud, descripcion, datos_utiles, nombre_tema) VALUES (-99.121773, 19.271162, 'ENP 1', 'Plantel Gabino Barreda ubicado en Xochimilco', 'ENP');
INSERT INTO marcador (longitud, latitud, descripcion, datos_utiles, nombre_tema) VALUES (-99.099383, 19.383909, 'ENP 2', 'Plantel Erasmo Castellanos Quinto ubicado en Churubusco', 'ENP');
INSERT INTO marcador (longitud, latitud, descripcion, datos_utiles, nombre_tema) VALUES (-99.095528, 19.482775, 'ENP 3', 'Plantel Justo Sierra ubicado en Constitución', 'ENP');
INSERT INTO marcador (longitud, latitud, descripcion, datos_utiles, nombre_tema) VALUES (-99.195481, 19.403626, 'ENP 4', 'Plantel Vidal Castañeda y Najera ubicado en Observatorio', 'ENP');
INSERT INTO marcador (longitud, latitud, descripcion, datos_utiles, nombre_tema) VALUES (-99.134713, 19.307540, 'ENP 5', 'Plantel José Vasconcelos ubicado en Coapa', 'ENP');

INSERT INTO tema (nombre, color, correo_informador) VALUES ('Edificios 19s', '#80ffff',  'mu.andrea@ciencias.unam.mx');
INSERT INTO marcador (longitud, latitud, descripcion, datos_utiles, nombre_tema) VALUES (-99.139801, 19.422760, 'Edificio Simón Bolívar','Esquina Chimilpopoca, edificio de 7 pisos.','Edificios 19s');
INSERT INTO marcador (longitud, latitud, descripcion, datos_utiles, nombre_tema) VALUES (-99.171028, 19.412814, 'Edificio Ámsterdam','Esquina Laredo. Edificio habitacional de siete pisos. Cinco víctimas, cuatro heridos', 'Edificios 19s');
INSERT INTO marcador (longitud, latitud, descripcion, datos_utiles, nombre_tema) VALUES (-99.122617, 19.303875, 'Girasoles I','Edificio habitacional de 5 pisos. Rescatadas 21 personas, ocho víctimas. Calzada del hueso y Rancho del arco', 'Edificios 19s');
INSERT INTO marcador (longitud, latitud, descripcion, datos_utiles, nombre_tema) VALUES (-99.130508, 19.296956, 'Colegio Enrique Rébsamen', '26 Victimas, entre ellos niños', 'Edificios 19s');
INSERT INTO marcador (longitud, latitud, descripcion, datos_utiles, nombre_tema) VALUES (-99.124328, 19.304094, 'Edificio comercial', 'Sin víctimas, Calzada del hueso y canal de miramontes','Edificios 19s');

INSERT INTO tema (nombre, color, correo_informador) VALUES ('Canchas Futboleras', '#8fffff',  'mu.andrea@ciencias.unam.mx');
INSERT INTO marcador (longitud, latitud, descripcion, datos_utiles, nombre_tema) VALUES (-99.120122, 19.306491, 'Planet Gol Coapa', 'Disponible para jugar futbol' ,'Edificios 19s');
INSERT INTO marcador (longitud, latitud, descripcion, datos_utiles, nombre_tema) VALUES (-99.127814, 19.296411, 'Goal Fit Center', 'Calzada de las Brujas 98, ideal para jugar futbol' ,'Edificios 19s');
INSERT INTO marcador (longitud, latitud, descripcion, datos_utiles, nombre_tema) VALUES (-99.127534, 19.285082, 'Glorieta de vaqueritos', 'Excelente cancha para futbol rapido.','Edificios 19s');

INSERT INTO tema (nombre, color, correo_informador) VALUES ('Centros culturales', '#88ffff',  'mu.andrea@ciencias.unam.mx');
INSERT INTO marcador (longitud, latitud, descripcion, datos_utiles, nombre_tema) VALUES (-99.141720, 19.286008, 'Centro Cultural y Deportivo del TEC', 'Esta adentro del campus del TEC', 'Centros culturales');
INSERT INTO marcador (longitud, latitud, descripcion, datos_utiles, nombre_tema) VALUES (-99.141712, 19.317406, 'Casa de cultura El reloj', 'Entre Tallo y Polen CDMX', 'Centros culturales');
INSERT INTO marcador (longitud, latitud, descripcion, datos_utiles, nombre_tema) VALUES (-99.178655, 19.302626, 'Centro cultural Ollin Yoliztli', 'Excelente para conciertos', 'Centros culturales');
INSERT INTO marcador (longitud, latitud, descripcion, datos_utiles, nombre_tema) VALUES (-99.142388, 19.338459, 'Centro cultural Tlalpan', 'Sirve como refugio', 'Centros culturales');



INSERT INTO informador (correo,nombre,contrasenia) VALUES ('jhovan.gallardo@ciencias.unam.mx','Jhovan','password');

INSERT INTO tema (nombre, color, correo_informador) VALUES ('CCHs', '#808000',  'jhovan.gallardo@ciencias.unam.mx');
INSERT INTO marcador (longitud, latitud, descripcion, datos_utiles, nombre_tema) VALUES (-99.142100, 19.484092,  'CCH Vallejo', 'Plantes del colegio de ciencias y humanidades ubicado en Vallejo.','CCHs');
INSERT INTO marcador (longitud, latitud, descripcion, datos_utiles, nombre_tema) VALUES (-99.204575, 19.500106,  'CCH Azcapotzalco', 'Plantes del colegio de ciencias y humanidades ubicado en Azcapotzalco.','CCHs');
INSERT INTO marcador (longitud, latitud, descripcion, datos_utiles, nombre_tema) VALUES (-99.058625, 19.384205,  'CCH Oriente', 'Plantes del colegio de ciencias y humanidades ubicado en Oriente.','CCHs');
INSERT INTO marcador (longitud, latitud, descripcion, datos_utiles, nombre_tema) VALUES (-99.199244, 19.312320,  'CCH Sur', 'Plantes del colegio de ciencias y humanidades ubicado en Sur.','CCHs');


INSERT INTO informador (correo,nombre,contrasenia) VALUES ('kevincervantes@ciencias.unam.mx','Kevin','qwerty');

INSERT INTO tema (nombre, color, correo_informador) VALUES ('Museos Historia Nacional', '#e2281f',  'kevincervantes@ciencias.unam.mx');
INSERT INTO marcador (longitud, latitud, descripcion, datos_utiles, nombre_tema) VALUES (-99.154911, 19.416715, 'Independencia', 'Museo De La Independencia', 'Museos Historia Nacional');
INSERT INTO marcador (longitud, latitud, descripcion, datos_utiles, nombre_tema) VALUES (19.432699, -99.131232, 'Reforma', 'Recinto de Homenaje a Benito Juarez', 'Museos Historia Nacional');
INSERT INTO marcador (longitud, latitud, descripcion, datos_utiles, nombre_tema) VALUES (19.436194, -99.154660, 'Revolución', 'Museo De La Revolución Nacional', 'Museos Historia Nacional');
INSERT INTO marcador (longitud, latitud, descripcion, datos_utiles, nombre_tema) VALUES (19.694071, -98.842758, 'Teotihuacan', 'Piramides de Teotihuacan', 'Museos Historia Nacional');
INSERT INTO marcador (longitud, latitud, descripcion, datos_utiles, nombre_tema) VALUES (19.355205, -99.148795, 'Intervenciones', 'Museo Nacional de las Intervenciones', 'Museos Historia Nacional');
INSERT INTO marcador (longitud, latitud, descripcion, datos_utiles, nombre_tema) VALUES (19.420722, -99.181867, 'Historia Nacional', 'Museo Nacional de Historia', 'Museos Historia Nacional');
INSERT INTO marcador (longitud, latitud, descripcion, datos_utiles, nombre_tema) VALUES (19.436509, -99.129428, 'Constituciones', 'Museo de las Constituciones', 'Museos Historia Nacional');
INSERT INTO marcador (longitud, latitud, descripcion, datos_utiles, nombre_tema) VALUES (19.434776, -99.131849, 'Templo Mayor', 'Museo del Templo Mayor', 'Museos Historia Nacional');
INSERT INTO marcador (longitud, latitud, descripcion, datos_utiles, nombre_tema) VALUES (19.449932, -99.137584, 'Sitio de Tlatelolco', 'Museo del Sitio de Tlatelolco', 'Museos Historia Nacional');
INSERT INTO marcador (longitud, latitud, descripcion, datos_utiles, nombre_tema) VALUES (19.429379, -99.132128, 'Ciudad de Mexico', 'Museo de la Ciudad de Mexico', 'Museos Historia Nacional');


INSERT INTO tema (nombre, color, correo_informador) VALUES ('Bibliotecas CDMX', '#ec6a31',  'kevincervantes@ciencias.unam.mx');
INSERT INTO marcador (longitud, latitud, descripcion, datos_utiles, nombre_tema) VALUES (19.428665, -99.149605, 'Biblioteca Ciudadela', 'Biblioteca de Mexico', 'Bibliotecas CDMX');
INSERT INTO marcador (longitud, latitud, descripcion, datos_utiles, nombre_tema) VALUES (19.316361, -99.185306, 'Biblioteca UNAM', 'Biblioteca Nacional de Mexico', 'Bibliotecas CDMX');
INSERT INTO marcador (longitud, latitud, descripcion, datos_utiles, nombre_tema) VALUES (19.446778, -99.150796, 'Jose Vasconcelos', 'Biblioteca Jose Vasconcelos', 'Bibliotecas CDMX');
INSERT INTO marcador (longitud, latitud, descripcion, datos_utiles, nombre_tema) VALUES (19.333503, -99.187331, 'Biblioteca UNAM', 'Biblioteca Central', 'Bibliotecas CDMX');
INSERT INTO marcador (longitud, latitud, descripcion, datos_utiles, nombre_tema) VALUES (19.371244, -99.263877, 'Biblioteca Universidad Iberoamericaca', 'Biblioteca Francisco Xavier Clavijero', 'Bibliotecas CDMX');
INSERT INTO marcador (longitud, latitud, descripcion, datos_utiles, nombre_tema) VALUES (19.436469, -99.113281, 'Palacio de Lecumberri', 'Archivo General de la Nacion', 'Bibliotecas CDMX');
INSERT INTO marcador (longitud, latitud, descripcion, datos_utiles, nombre_tema) VALUES (19.407409, -99.177387, 'Centro Cultural', 'Centro Cultural Bella Epoca', 'Bibliotecas CDMX');
INSERT INTO marcador (longitud, latitud, descripcion, datos_utiles, nombre_tema) VALUES (19.429524, -99.137830, 'Miguel Lerdo de Tejada', 'Biblioteca Miguel Lerdo de Tejada', 'Bibliotecas CDMX');
INSERT INTO marcador (longitud, latitud, descripcion, datos_utiles, nombre_tema) VALUES (19.412119, -99.172353, 'Centro de creación y fomentación de lectura', 'Centro de creación literaria Xavier Villaurrutia', 'Bibliotecas CDMX');
INSERT INTO marcador (longitud, latitud, descripcion, datos_utiles, nombre_tema) VALUES (19.435565, -99.137777, 'Biblioteca del Congreso de la Union', 'Biblioteca General de la Cámara de Diputados del H. Congreso de la Unión', 'Bibliotecas CDMX');


INSERT INTO tema (nombre, color, correo_informador) VALUES ('Zonas Militares', '#a2ec31',  'kevincervantes@ciencias.unam.mx');
INSERT INTO marcador (longitud, latitud, descripcion, datos_utiles, nombre_tema) VALUES (19.404092, -99.191330, '1a Zona Militar Tacubaya CDMX', 'S.D.N. Primera Zona Militar Pagaduría', 'Zonas Militares');
INSERT INTO marcador (longitud, latitud, descripcion, datos_utiles, nombre_tema) VALUES (32.521746, -117.035828, '2a Zona Militar Tijuana', 'Secretaría Nacional de la Defensa Zona Militar 2', 'Zonas Militares');
INSERT INTO marcador (longitud, latitud, descripcion, datos_utiles, nombre_tema) VALUES (24.152415, -110.298294, '3a Zona Militar La Paz', '3/a Zona Militar SEDENA', 'Zonas Militares');
INSERT INTO marcador (longitud, latitud, descripcion, datos_utiles, nombre_tema) VALUES (29.112636, -110.947888, '4a Zona Militar Hermosillo', 'Sedena 4A Zona Militar', 'Zonas Militares');
INSERT INTO marcador (longitud, latitud, descripcion, datos_utiles, nombre_tema) VALUES (28.619612, -106.082498, '5a Zona Militar Chihuahua', 'SEDENA Quinta Zona Militar Pagaduría', 'Zonas Militares');
INSERT INTO marcador (longitud, latitud, descripcion, datos_utiles, nombre_tema) VALUES (25.407701, -101.008973, '6a Zona Militar Saltillo', 'Sexta Zona Militar', 'Zonas Militares');
INSERT INTO marcador (longitud, latitud, descripcion, datos_utiles, nombre_tema) VALUES (25.855365, -100.254971, '7a Zona Militar NL', 'Campo Militar No 7-A', 'Zonas Militares');
INSERT INTO marcador (longitud, latitud, descripcion, datos_utiles, nombre_tema) VALUES (26.025472, -98.248222, '8a Zona Militar Reynosa', 'Cuartel Militar Reynosa', 'Zonas Militares');
INSERT INTO marcador (longitud, latitud, descripcion, datos_utiles, nombre_tema) VALUES (24.797953, -107.376222, '9a Zona Militar Culiacan', 'Cuartel Militar Novena Zona Culiacán Sinaloa', 'Zonas Militares');
INSERT INTO marcador (longitud, latitud, descripcion, datos_utiles, nombre_tema) VALUES (24.026758, -104.673704, '10a Zona Militar Durango', 'Decima Zona Militar', 'Zonas Militares');


INSERT INTO tema (nombre, color, correo_informador) VALUES ('Restaurantes de Comida China CDMX', '#31ecb6',  'kevincervantes@ciencias.unam.mx');
INSERT INTO marcador (longitud, latitud, descripcion, datos_utiles, nombre_tema) VALUES (19.432390, -99.183295, 'Restaurante 1', 'China Shing', 'Restaurantes de Comida China CDMX');
INSERT INTO marcador (longitud, latitud, descripcion, datos_utiles, nombre_tema) VALUES (19.406088, -99.226893, 'Restaurante 2', 'Hunan Reforma', 'Restaurantes de Comida China CDMX');
INSERT INTO marcador (longitud, latitud, descripcion, datos_utiles, nombre_tema) VALUES (19.428804, -99.161690, 'Restaurante 3', 'P.F Changs', 'Restaurantes de Comida China CDMX');
INSERT INTO marcador (longitud, latitud, descripcion, datos_utiles, nombre_tema) VALUES (19.410976, -99.174792, 'Restaurante 4', 'Asian Bay', 'Restaurantes de Comida China CDMX');
INSERT INTO marcador (longitud, latitud, descripcion, datos_utiles, nombre_tema) VALUES (19.393801, -99.170417, 'Restaurante 5', 'Blossom Del Valle', 'Restaurantes de Comida China CDMX');
INSERT INTO marcador (longitud, latitud, descripcion, datos_utiles, nombre_tema) VALUES (19.346088, -99.187764, 'Restaurante 6', 'Zohe China Gourmet', 'Restaurantes de Comida China CDMX');
INSERT INTO marcador (longitud, latitud, descripcion, datos_utiles, nombre_tema) VALUES (19.426958, -99.163793, 'Restaurante 7', 'El Dragon', 'Restaurantes de Comida China CDMX');
INSERT INTO marcador (longitud, latitud, descripcion, datos_utiles, nombre_tema) VALUES (19.427971, -99.178657, 'Restaurante 8', 'China Grill', 'Restaurantes de Comida China CDMX');
INSERT INTO marcador (longitud, latitud, descripcion, datos_utiles, nombre_tema) VALUES (19.418491, -99.174381, 'Restaurante 9', 'Chinaloa', 'Restaurantes de Comida China CDMX');
INSERT INTO marcador (longitud, latitud, descripcion, datos_utiles, nombre_tema) VALUES (19.432958, -99.142996, 'Restaurante 10', 'Hong King', 'Restaurantes de Comida China CDMX');


INSERT INTO informador (correo,nombre,contrasenia) VALUES ('fer.reyesg@ciencias.unam.mx','Fernando','contrasenia');

INSERT INTO tema (nombre, color, correo_informador) VALUES ('Guia de Pulquerias para Turistas', '#3188ec',  'fer.reyesg@ciencias.unam.mx');
INSERT INTO marcador (longitud, latitud, descripcion, datos_utiles, nombre_tema) VALUES (19.418565, -99.138095, 'Pulqueria I', 'La Catedral del Pulque', 'Guia de Pulquerias para Turistas');
INSERT INTO marcador (longitud, latitud, descripcion, datos_utiles, nombre_tema) VALUES (19.430389, -99.142725, 'Pulqueria II', 'Las Duelistas', 'Guia de Pulquerias para Turistas');
INSERT INTO marcador (longitud, latitud, descripcion, datos_utiles, nombre_tema) VALUES (19.441083, -99.138577, 'Pulqueria III', 'La Hermosa Hortensia', 'Guia de Pulquerias para Turistas');


INSERT INTO informador (correo,nombre,contrasenia) VALUES ('mausuarez@ciencias.unam.mx','Mauricio','12345');

INSERT INTO tema (nombre, color, correo_informador) VALUES ('Estaciones del metro', '#0066cc',  'mausuarez@ciencias.unam.mx');
INSERT INTO marcador (longitud, latitud, descripcion, datos_utiles, nombre_tema) VALUES (-99.187302, 19.376145, 'Mixcoac', 'Estacion del metro de la 7 y 12 [Insurgentes Mixcoac, 03920 Ciudad de México, CDMX]', 'Estaciones del metro');
INSERT INTO marcador (longitud, latitud, descripcion, datos_utiles, nombre_tema) VALUES (-99.190950, 19.433622, 'Polanco', 'Estacion del metro de la linea 7 [Ruta Metro Insurgentes a EH, Polanco, Polanco V Secc, 11560 Ciudad de México, CDMX]', 'Estaciones del metro');
INSERT INTO marcador (longitud, latitud, descripcion, datos_utiles, nombre_tema) VALUES (-99.165114, 19.370802, 'Zapata', 'Estacion del metro de la linea 12 y 3 [Heriberto Frías, Col del Valle Centro, 03100 Ciudad de México, CDMX]', 'Estaciones del metro');
INSERT INTO marcador (longitud, latitud, descripcion, datos_utiles, nombre_tema) VALUES (-99.124031, 19.443168, 'Tepito', 'Estacion del metro de la linea B [Tepito, Morelos, 06200 Ciudad de México, CDMX]', 'Estaciones del metro');
INSERT INTO marcador (longitud, latitud, descripcion, datos_utiles, nombre_tema) VALUES (-99.170799, 19.361652, 'Coyoacan', 'Estacion del metro de la linea 3 [A en, Calz. de Tlalpan 1882, Country Club Churubusco, Ciudad de México, CDMX
]', 'Estaciones del metro');

INSERT INTO tema (nombre, color, correo_informador) VALUES ('Estaciones del metrobus', '#ef0000',  'mausuarez@ciencias.unam.mx');
INSERT INTO marcador (longitud, latitud, descripcion, datos_utiles, nombre_tema) VALUES (-99.173889, 19.390025, 'Napoles','Estacion del metrobus de la Linea 1 [Col del Valle Centro, 03100 Ciudad de México, CDMX]','Estaciones del metrobus');
INSERT INTO marcador (longitud, latitud, descripcion, datos_utiles, nombre_tema) VALUES (-99.178811, 19.374496, 'Felix Cuevas','Estacion del metrobus de la Linea 1 [Av. Extremadura, Insurgentes Mixcoac, 03200 Ciudad de México, CDMX]', 'Estaciones del metrobus');
INSERT INTO marcador (longitud, latitud, descripcion, datos_utiles, nombre_tema) VALUES (-99.170085, 19.280494, 'La Joya','Estacion del metrobus de la Linea 1', 'Estaciones del metrobus');
INSERT INTO marcador (longitud, latitud, descripcion, datos_utiles, nombre_tema) VALUES (-99.161322, 19.427640, 'Hamburgo', 'Estacion del metrobus de la Linea 1 [Hamburgo, Juárez, 06600 Ciudad de México, CDMX]', 'Estaciones del metrobus');
INSERT INTO marcador (longitud, latitud, descripcion, datos_utiles, nombre_tema) VALUES (-99.138845, 19.469190, 'La Raza', 'Estacion del metrobus de la Linea 1','Estaciones del metrobus');

INSERT INTO tema (nombre, color, correo_informador) VALUES ('Estaciones del tren ligero', '#27ef00',  'mausuarez@ciencias.unam.mx');
INSERT INTO marcador (longitud, latitud, descripcion, datos_utiles, nombre_tema) VALUES (-99.147144, 19.302099, 'Estadio Azteca', 'Cerca de una plaza de Tlalpan y del Estadio Azteca' ,'Estaciones del tren ligero');
INSERT INTO marcador (longitud, latitud, descripcion, datos_utiles, nombre_tema) VALUES (-99.108078, 19.259631, 'Xochimilco', 'San Pedro, 16090 Ciudad de México, CDMX' ,'Estaciones del tren ligero');
INSERT INTO marcador (longitud, latitud, descripcion, datos_utiles, nombre_tema) VALUES (-99.143044, 19.307625, 'El Vergel', 'De Tlalpan, Ejido Viejo de Sta Úrsula Coapa, 04910 Ciudad de México, CDMX','Estaciones del tren ligero');

INSERT INTO tema (nombre, color, correo_informador) VALUES ('Estaciones Tren Suburbano', '#d000ef',  'mausuarez@ciencias.unam.mx');
INSERT INTO marcador (longitud, latitud, descripcion, datos_utiles, nombre_tema) VALUES (-99.171257, 19.492188, 'Fortuna', 'Eje 4 Nte. (Calz. Azcapotzalco la Villa), Estacion Pantaco, 02230 Ciudad de México, CDMX', 'Estaciones Tren Suburbano');
INSERT INTO marcador (longitud, latitud, descripcion, datos_utiles, nombre_tema) VALUES (-99.152135, 19.447361, 'Buenavista', 'Buenavista, 06350 Ciudad de México, CDMX', 'Estaciones Tren Suburbano');
INSERT INTO marcador (longitud, latitud, descripcion, datos_utiles, nombre_tema) VALUES (-99.186005, 19.599874, 'Lecheria', 'La Quebrada, Cuautitlán Izcalli, Méx.
', 'Estaciones Tren Suburbano');
INSERT INTO marcador (longitud, latitud, descripcion, datos_utiles, nombre_tema) VALUES (-99.195371, 19.565413, 'San Rafael', 'Avenida Prolongacion Hidalgo S/N, Tlayapa, 54110 Tlanepantla, Estado de México', 'Estaciones Tren Suburbano');
