INSERT INTO informador (correo,nombre,contrasenia) VALUES ('mu.andrea@ciencias.unam.mx','Andrea','12345');

INSERT INTO tema (nombre, color, correo_informador) VALUES ('ENP', '#808fff',  'mu.andrea@ciencias.unam.mx');
INSERT INTO marcador (longitud, latitud, descripcion, datos_utiles, nombre_tema) VALUES (-99.121773, 19.271162, 'ENP 1', 'Plantel Gabino Barreda ubicado en Xochimilco', 'ENP');
INSERT INTO marcador (longitud, latitud, descripcion, datos_utiles, nombre_tema) VALUES (-99.099383, 19.383909, 'ENP 2', 'Plantel Erasmo Castellanos Quinto ubicado en Churubusco', 'ENP');
INSERT INTO marcador (longitud, latitud, descripcion, datos_utiles, nombre_tema) VALUES (-99.095528, 19.482775, 'ENP 3', 'Plantel Justo Sierra ubicado en Constitución', 'ENP');
INSERT INTO marcador (longitud, latitud, descripcion, datos_utiles, nombre_tema) VALUES (-99.195481, 19.403626, 'ENP 4', 'Plantel Vidal Castañeda y Najera ubicado en Observatorio', 'ENP');
INSERT INTO marcador (longitud, latitud, descripcion, datos_utiles, nombre_tema) VALUES (-99.134713, 19.307540, 'ENP 5', 'Plantel José Vasconcelos ubicado en Coapa', 'ENP');

INSERT INTO tema (nombre, color, correo_informador) VALUES ('Edificios 19s', '#80ffff',  'mu.andrea@ciencias.unam.mx');
INSERT INTO marcador (longitud, latitud, descripcion, datos_utiles, nombre_tema) VALUES (-99.139801, 19.422760, 'Edificio Simón Bolívar','Esquina Chimilpopoca, edificio de 7 pisos.','Edificios 19s');
INSERT INTO marcador (longitud, latitud, descripcion, datos_utiles, nombre_tema) VALUES (-99.171028, 19.412814, 'Edificio Ámsterdam','Esquina Laredo. Edificio habitacional de siete pisos. Cinco víctimas, cuatro heridos', 'Edificios 19s');
INSERT INTO marcador (longitud, latitud, descripcion, datos_utiles, nombre_tema) VALUES (-99.122617, 19.303875, 'Girasoles I','Edificio habitacional de 5 pisos. Rescatadas 21 personas, ocho víctimas. Calzada del hueso y Rancho del arco', 'Edificios 19s');
INSERT INTO marcador (longitud, latitud, descripcion, datos_utiles, nombre_tema) VALUES (-99.130508, 19.296956, 'Colegio Enrique Rébsamen', '26 Victimas, entre ellos niños', 'Edificios 19s');
INSERT INTO marcador (longitud, latitud, descripcion, datos_utiles, nombre_tema) VALUES (-99.124328, 19.304094, 'Edificio comercial', 'Sin víctimas, Calzada del hueso y canal de miramontes','Edificios 19s');

INSERT INTO tema (nombre, color, correo_informador) VALUES ('Canchas Futboleras', '#8fffff',  'mu.andrea@ciencias.unam.mx');
INSERT INTO marcador (longitud, latitud, descripcion, datos_utiles, nombre_tema) VALUES (-99.120122, 19.306491, 'Planet Gol Coapa', 'Disponible para jugar futbol' ,'Edificios 19s');
INSERT INTO marcador (longitud, latitud, descripcion, datos_utiles, nombre_tema) VALUES (-99.127814, 19.296411, 'Goal Fit Center', 'Calzada de las Brujas 98, ideal para jugar futbol' ,'Edificios 19s');
INSERT INTO marcador (longitud, latitud, descripcion, datos_utiles, nombre_tema) VALUES (-99.127534, 19.285082, 'Glorieta de vaqueritos', 'Excelente cancha para futbol rapido.','Edificios 19s');

INSERT INTO informador (correo,nombre,contrasenia) VALUES ('jhovan.gallardo@ciencias.unam.mx','Jhovan','password');

INSERT INTO tema (nombre, color, correo_informador) VALUES ('CCHs', '#808000',  'jhovan.gallardo@ciencias.unam.mx');
INSERT INTO marcador (longitud, latitud, descripcion, datos_utiles, nombre_tema) VALUES (-99.142100, 19.484092,  'CCH Vallejo', 'Plantes del colegio de ciencias y humanidades ubicado en Vallejo.','CCHs');
INSERT INTO marcador (longitud, latitud, descripcion, datos_utiles, nombre_tema) VALUES (-99.204575, 19.500106,  'CCH Azcapotzalco', 'Plantes del colegio de ciencias y humanidades ubicado en Azcapotzalco.','CCHs');
INSERT INTO marcador (longitud, latitud, descripcion, datos_utiles, nombre_tema) VALUES (-99.058625, 19.384205,  'CCH Oriente', 'Plantes del colegio de ciencias y humanidades ubicado en Oriente.','CCHs');
INSERT INTO marcador (longitud, latitud, descripcion, datos_utiles, nombre_tema) VALUES (-99.199244, 19.312320,  'CCH Sur', 'Plantes del colegio de ciencias y humanidades ubicado en Sur.','CCHs');


INSERT INTO informador (correo,nombre,contrasenia) VALUES ('kevincervantes@ciencias.unam.mx','Kevin','qwerty');

INSERT INTO tema (nombre, color, correo_informador) VALUES ('Museos Transformaciones Nacionales', '#e2281f',  'kevincervantes@ciencias.unam.mx');
INSERT INTO marcador (longitud, latitud, descripcion, datos_utiles, nombre_tema) VALUES (-99.154911, 19.416715, 'Independencia', 'Museo De La Independencia', 'Museos Transformaciones Nacionales');
INSERT INTO marcador (longitud, latitud, descripcion, datos_utiles, nombre_tema) VALUES (19.432699, -99.131232, 'Reforma', 'Recinto de Homenaje a Benito Juarez', 'Museos Transformaciones Nacionales');
INSERT INTO marcador (longitud, latitud, descripcion, datos_utiles, nombre_tema) VALUES (19.436194, -99.154660, 'Revolución', 'Museo De La Revolución Nacional', 'Museos Transformaciones Nacionales');


INSERT INTO informador (correo,nombre,contrasenia) VALUES ('fer.reyesg@ciencias.unam.mx','Fernando','contrasenia');

INSERT INTO tema (nombre, color, correo_informador) VALUES ('Guia de Pulquerias para Turistas', '#3188ec',  'fer.reyesg@ciencias.unam.mx');
INSERT INTO marcador (longitud, latitud, descripcion, datos_utiles, nombre_tema) VALUES (19.418565, -99.138095, 'Pulqueria I', 'La Catedral del Pulque', 'Guia de Pulquerias para Turistas');
INSERT INTO marcador (longitud, latitud, descripcion, datos_utiles, nombre_tema) VALUES (19.430389, -99.142725, 'Pulqueria II', 'Las Duelistas', 'Guia de Pulquerias para Turistas');
INSERT INTO marcador (longitud, latitud, descripcion, datos_utiles, nombre_tema) VALUES (19.441083, -99.138577, 'Pulqueria III', 'La Hermosa Hortensia', 'Guia de Pulquerias para Turistas');
